4|1f5ba29f-3fd4-4d46-91c9-16d8b3c2baea|1|2|0|2022-02-02 10:04:47.190|2022-08-10 10:11:31.463|9669|0
5|1f5ba29f-3fd4-4d46-91c9-16d8b3c2baea|1|1|0|2022-02-02 10:05:19.280|2022-08-10 10:11:43.407|9669|0
9|1f5ba29f-3fd4-4d46-91c9-16d8b3c2baea|1|1|0|2022-02-24 10:26:53.997|2022-08-10 10:11:43.543|9669|0
11|2517fa61-4c15-440d-a1cc-12bcab75f163|1|1|0|2022-03-01 11:43:17.830|2022-05-02 10:05:01.723|8871|0
12|2517fa61-4c15-440d-a1cc-12bcab75f163|1|2|0|2022-03-01 11:43:47.813|2022-05-02 10:04:35.197|8871|0
13|b5d213af-a7e8-482c-a2d0-445c2a015b1a|1|1|0|2022-03-01 15:52:42.453|2022-06-12 10:14:36.300|9569|0
14|b5d213af-a7e8-482c-a2d0-445c2a015b1a|1|2|0|2022-03-01 15:53:13.923|2022-06-12 10:14:19.030|9569|0
15|b5d213af-a7e8-482c-a2d0-445c2a015b1a|1|1|0|2022-03-01 15:53:41.147|2022-06-12 10:14:36.410|9569|0
16|b5d213af-a7e8-482c-a2d0-445c2a015b1a|1|2|0|2022-03-01 15:54:06.463|2022-06-12 10:14:24.250|9569|0
17|91a57377-37a9-4621-b063-1aa0cc3d8b95|1|1|0|2022-03-01 16:02:53.523|2022-12-12 10:10:01.350|9095|0
18|91a57377-37a9-4621-b063-1aa0cc3d8b95|1|2|0|2022-03-01 16:03:27.077|2022-12-12 10:10:01.253|9095|0
19|91a57377-37a9-4621-b063-1aa0cc3d8b95|1|1|0|2022-03-01 16:03:55.033|2022-09-02 10:01:59.290|9095|0
20|91a57377-37a9-4621-b063-1aa0cc3d8b95|1|2|0|2022-03-01 16:04:21.040|2022-09-02 10:01:35.590|9095|0
21|91a57377-37a9-4621-b063-1aa0cc3d8b95|1|1|0|2022-03-01 16:05:00.867|2022-12-12 10:10:03.140|9095|1
22|91a57377-37a9-4621-b063-1aa0cc3d8b95|1|2|0|2022-03-01 16:05:33.907|2022-12-12 10:10:01.283|9095|1
23|91a57377-37a9-4621-b063-1aa0cc3d8b95|1|1|0|2022-03-01 16:05:59.787|2022-09-02 10:01:59.343|9095|1
24|91a57377-37a9-4621-b063-1aa0cc3d8b95|1|2|0|2022-03-01 16:06:32.283|2022-09-02 10:01:51.590|9095|1
25|082c85ca-1062-47c4-95cd-83bdd87657d6|1|1|0|2022-03-01 16:10:41.527||9588|0
26|082c85ca-1062-47c4-95cd-83bdd87657d6|1|2|0|2022-03-01 16:10:57.360||9588|0
27|082c85ca-1062-47c4-95cd-83bdd87657d6|1|1|0|2022-03-01 16:11:21.243||9588|0
28|082c85ca-1062-47c4-95cd-83bdd87657d6|1|2|0|2022-03-01 16:11:37.423||9588|0
29|7f2dae3a-e1c9-45d2-968b-6ad02a494d40|1|1|0|2022-03-01 16:17:44.493|2022-09-12 10:13:33.930|9455|0
30|7f2dae3a-e1c9-45d2-968b-6ad02a494d40|1|2|0|2022-03-01 16:17:59.207|2022-09-12 10:13:22.833|9455|0
31|7f2dae3a-e1c9-45d2-968b-6ad02a494d40|1|1|0|2022-03-01 16:18:22.760|2022-09-12 10:13:34.150|9455|0
32|7f2dae3a-e1c9-45d2-968b-6ad02a494d40|1|2|0|2022-03-01 16:18:38.767|2022-09-12 10:13:31.530|9455|0
33|350905fb-d66a-439a-ba7d-c4a421716173|1|1|0|2022-03-01 16:20:04.303||15432|0
34|350905fb-d66a-439a-ba7d-c4a421716173|1|2|0|2022-03-01 16:20:20.573||15432|0
35|350905fb-d66a-439a-ba7d-c4a421716173|1|1|0|2022-03-01 16:20:43.303||15432|0
36|350905fb-d66a-439a-ba7d-c4a421716173|1|2|0|2022-03-01 16:20:59.073||15432|0
37|63716247-0ebb-4ab9-9c53-5a8b129ac1c2|1|1|0|2022-03-01 16:27:36.240|2022-08-02 10:12:45.553|8915|0
38|63716247-0ebb-4ab9-9c53-5a8b129ac1c2|1|2|0|2022-03-01 16:27:55.257|2022-08-02 10:12:32.800|8915|0
40|63716247-0ebb-4ab9-9c53-5a8b129ac1c2|1|1|0|2022-03-01 16:28:55.567|2022-08-02 10:12:45.570|8915|0
41|63716247-0ebb-4ab9-9c53-5a8b129ac1c2|1|2|0|2022-03-01 16:29:15.503|2022-08-02 10:12:37.580|8915|0
42|d817681d-3527-445d-b053-79f933fb03fc|1|1|0|2022-03-01 16:30:31.837|2022-05-12 10:16:59.740|9100|0
43|d817681d-3527-445d-b053-79f933fb03fc|1|2|0|2022-03-01 16:30:49.167|2022-05-12 10:16:30.683|9100|0
44|d817681d-3527-445d-b053-79f933fb03fc|1|1|0|2022-03-01 16:31:12.223|2022-05-12 10:16:59.763|9100|0
45|d817681d-3527-445d-b053-79f933fb03fc|1|2|0|2022-03-01 16:31:32.630|2022-05-12 10:16:43.203|9100|0
46|d817681d-3527-445d-b053-79f933fb03fc|1|1|0|2022-03-01 16:32:24.767|2022-05-12 10:16:59.783|9100|1
47|d817681d-3527-445d-b053-79f933fb03fc|1|2|0|2022-03-01 16:32:41.160|2022-05-12 10:16:43.223|9100|1
48|d817681d-3527-445d-b053-79f933fb03fc|1|1|0|2022-03-01 16:33:11.783|2022-05-12 10:16:59.800|9100|1
49|d817681d-3527-445d-b053-79f933fb03fc|1|2|0|2022-03-01 16:33:29.053|2022-05-12 10:16:48.797|9100|1
53|e3501b53-73d3-486d-ad39-11e62525f13a|1|1|0|2022-03-31 10:57:21.573|2022-06-12 10:14:51.927|61884|0
54|e3501b53-73d3-486d-ad39-11e62525f13a|1|2|0|2022-03-31 10:57:49.937|2022-06-12 10:14:36.450|61884|0
55|2517fa61-4c15-440d-a1cc-12bcab75f163|1|1|0|2022-04-01 08:56:57.540|2022-05-02 10:05:03.960|8871|0
56|2517fa61-4c15-440d-a1cc-12bcab75f163|1|2|0|2022-04-01 08:57:11.330|2022-05-02 10:04:47.520|8871|0
57|2517fa61-4c15-440d-a1cc-12bcab75f163|1|1|0|2022-04-01 08:57:26.417|2022-05-02 10:05:03.990|8871|0
58|2517fa61-4c15-440d-a1cc-12bcab75f163|1|2|0|2022-04-01 08:57:38.570|2022-05-02 10:04:57.790|8871|0
59|91a57377-37a9-4621-b063-1aa0cc3d8b95|1|1|0|2022-04-01 09:23:50.727|2022-12-12 10:10:03.340|9095|0
60|91a57377-37a9-4621-b063-1aa0cc3d8b95|1|2|0|2022-04-01 09:24:06.797|2022-12-12 10:10:01.310|9095|0
61|91a57377-37a9-4621-b063-1aa0cc3d8b95|1|1|0|2022-04-01 09:24:34.207|2022-12-12 10:10:03.357|9095|1
62|91a57377-37a9-4621-b063-1aa0cc3d8b95|1|2|0|2022-04-01 09:24:54.533|2022-12-12 10:10:01.323|9095|1
63|7f2dae3a-e1c9-45d2-968b-6ad02a494d40|1|1|0|2022-04-01 09:31:34.170|2022-09-12 10:13:43.307|9455|0
64|7f2dae3a-e1c9-45d2-968b-6ad02a494d40|1|2|0|2022-04-01 09:31:44.823|2022-09-12 10:13:31.560|9455|0
65|63716247-0ebb-4ab9-9c53-5a8b129ac1c2|1|1|0|2022-04-01 09:32:37.430|2022-08-02 10:12:49.343|8915|0
66|63716247-0ebb-4ab9-9c53-5a8b129ac1c2|1|2|0|2022-04-01 09:32:51.067|2022-08-02 10:12:42.850|8915|0
67|63716247-0ebb-4ab9-9c53-5a8b129ac1c2|1|1|0|2022-04-01 09:33:07.620|2022-08-02 10:12:27.237|8912|0
68|63716247-0ebb-4ab9-9c53-5a8b129ac1c2|1|2|0|2022-04-01 09:33:21.503|2022-08-02 10:12:14.577|8912|0
69|63716247-0ebb-4ab9-9c53-5a8b129ac1c2|1|1|0|2022-04-01 09:33:34.997|2022-08-02 10:12:27.273|8912|0
70|63716247-0ebb-4ab9-9c53-5a8b129ac1c2|1|2|0|2022-04-01 09:33:45.370|2022-08-02 10:12:23.037|8912|0
71|63716247-0ebb-4ab9-9c53-5a8b129ac1c2|1|1|0|2022-04-01 09:33:55.560|2022-08-02 10:12:32.767|8912|0
72|63716247-0ebb-4ab9-9c53-5a8b129ac1c2|1|2|0|2022-04-01 09:34:06.027|2022-08-02 10:12:25.727|8912|0
73|d817681d-3527-445d-b053-79f933fb03fc|1|1|0|2022-04-01 09:42:02.027|2022-05-12 10:17:12.467|9100|0
74|d817681d-3527-445d-b053-79f933fb03fc|1|2|0|2022-04-01 09:42:14.930|2022-05-12 10:16:52.820|9100|0
75|d817681d-3527-445d-b053-79f933fb03fc|1|1|0|2022-04-01 09:42:29.033|2022-05-12 10:17:12.490|9100|1
76|d817681d-3527-445d-b053-79f933fb03fc|1|2|0|2022-04-01 09:42:42.403|2022-05-12 10:16:56.910|9100|1
77|1f5ba29f-3fd4-4d46-91c9-16d8b3c2baea|1|2|0|2022-04-01 10:01:02.963|2022-08-10 10:11:36.250|9669|0
78|1f5ba29f-3fd4-4d46-91c9-16d8b3c2baea|1|1|0|2022-04-01 10:01:14.650|2022-08-10 10:11:43.563|9669|0
79|1f5ba29f-3fd4-4d46-91c9-16d8b3c2baea|1|2|0|2022-04-01 10:01:24.977|2022-08-10 10:11:41.407|9669|0
80|e3501b53-73d3-486d-ad39-11e62525f13a|1|1|0|2022-04-01 10:02:53.150|2022-06-12 10:14:52.190|61884|0
81|e3501b53-73d3-486d-ad39-11e62525f13a|1|2|0|2022-04-01 10:03:21.277|2022-06-12 10:14:39.033|61884|0
82|e3501b53-73d3-486d-ad39-11e62525f13a|1|1|0|2022-04-01 10:03:35.240|2022-06-12 10:14:52.253|61884|0
83|e3501b53-73d3-486d-ad39-11e62525f13a|1|2|0|2022-04-01 10:03:47.767|2022-06-12 10:14:46.763|61884|0
84|e3501b53-73d3-486d-ad39-11e62525f13a|1|1|0|2022-04-01 10:03:59.327|2022-06-12 10:14:52.277|61884|1
85|e3501b53-73d3-486d-ad39-11e62525f13a|1|2|0|2022-04-01 10:04:12.777|2022-06-12 10:14:47.353|61884|1
86|e3501b53-73d3-486d-ad39-11e62525f13a|1|1|0|2022-04-01 10:04:25.910|2022-06-12 10:14:52.297|61884|1
87|e3501b53-73d3-486d-ad39-11e62525f13a|1|2|0|2022-04-01 10:04:41.777|2022-06-12 10:14:49.350|61884|1
88|e3501b53-73d3-486d-ad39-11e62525f13a|1|1|0|2022-04-01 10:04:54.023|2022-06-12 10:14:52.320|61884|1
89|e3501b53-73d3-486d-ad39-11e62525f13a|1|2|0|2022-04-01 10:05:05.990|2022-06-12 10:14:51.357|61884|1
90|b5d213af-a7e8-482c-a2d0-445c2a015b1a|1|1|0|2022-04-01 10:06:06.050|2022-06-12 10:14:36.430|9569|0
91|b5d213af-a7e8-482c-a2d0-445c2a015b1a|1|2|0|2022-04-01 10:06:15.567|2022-06-12 10:14:33.430|9569|0
92|7b9f38b6-4234-40b4-ab69-5d93af0d57a0|1|1|0|2022-05-02 09:55:31.070|2023-02-28 10:05:46.347|8954|0
93|7b9f38b6-4234-40b4-ab69-5d93af0d57a0|1|2|0|2022-05-02 09:55:56.793|2023-02-28 10:05:32.773|8954|0
94|7b9f38b6-4234-40b4-ab69-5d93af0d57a0|1|1|0|2022-05-02 09:56:12.923|2022-09-21 10:04:59.583|8954|0
95|7b9f38b6-4234-40b4-ab69-5d93af0d57a0|1|2|0|2022-05-02 09:56:24.813|2022-09-21 10:04:57.533|8954|0
96|7b9f38b6-4234-40b4-ab69-5d93af0d57a0|1|1|0|2022-05-02 09:56:35.203|2023-02-28 10:05:46.397|8954|0
97|7b9f38b6-4234-40b4-ab69-5d93af0d57a0|1|2|0|2022-05-02 09:56:46.217|2023-02-28 10:05:43.717|8954|0
98|0ba892f5-c93e-42e3-b8d1-f8ca01b750d4|1|2|0|2022-05-17 14:07:16.630||8871|0
99|0ba892f5-c93e-42e3-b8d1-f8ca01b750d4|1|1|0|2022-05-17 14:07:44.167||8871|0
108|3984a566-30d0-4bb1-8de3-ed5554545f99|1|1|0|2023-11-21 10:38:22.250||8855|0
112|64ed9cef-d30e-49db-900a-2b2200944829|1|2|0|2023-12-06 12:21:38.733|2023-12-28 10:04:06.753|61915|1
113|64ed9cef-d30e-49db-900a-2b2200944829|1|2|0|2023-12-06 12:25:43.553|2025-01-21 10:10:34.897|61884|1
114|64ed9cef-d30e-49db-900a-2b2200944829|1|2|0|2023-12-06 12:25:56.313|2024-02-05 10:01:30.190|398023|1
115|64ed9cef-d30e-49db-900a-2b2200944829|1|2|0|2023-12-06 12:26:09.480|2023-12-28 10:04:17.210|61915|0
116|64ed9cef-d30e-49db-900a-2b2200944829|1|1|0|2023-12-06 12:26:33.117|2025-01-21 10:10:36.220|61884|0
117|64ed9cef-d30e-49db-900a-2b2200944829|1|2|0|2023-12-06 12:26:45.893|2024-02-05 10:01:30.267|398023|0
118|3984a566-30d0-4bb1-8de3-ed5554545f99|1|1|0|2023-12-07 07:45:41.863||8855|0
119|3984a566-30d0-4bb1-8de3-ed5554545f99|1|2|0|2023-12-28 12:50:31.220||8846|2
120|3984a566-30d0-4bb1-8de3-ed5554545f99|1|1|0|2024-01-22 05:38:06.087||8846|2
121|5243e850-fc83-4d0a-b9ca-05dc0cb7e374|1|2|0|2024-03-18 08:38:45.313|2024-07-17 10:06:05.907|8707|0
122|5243e850-fc83-4d0a-b9ca-05dc0cb7e374|1|2|0|2024-03-18 08:39:00.807|2024-04-19 10:01:37.437|8707|0
123|5243e850-fc83-4d0a-b9ca-05dc0cb7e374|1|2|0|2024-03-18 08:39:12.507|2024-03-19 10:10:29.827|8707|0
124|23d254fe-792f-44b2-b40f-9b1d7a12189d|1|2|1|2024-03-18 08:53:28.510|2025-12-14 10:10:55.840|9609|0
125|58e9a764-dd1e-4ef6-b713-66af6e871612|1|2|0|2024-03-21 09:35:49.623|2024-07-17 10:06:13.690|8891|0
126|58e9a764-dd1e-4ef6-b713-66af6e871612|1|1|0|2024-03-21 09:35:59.373|2024-07-17 10:06:13.967|8891|1
128|7b8ab6a9-4e5b-41a1-aaf6-00a467c6f1b3|1|2|0|2024-03-21 09:42:44.583|2024-07-12 10:14:54.597|8855|0
129|7b8ab6a9-4e5b-41a1-aaf6-00a467c6f1b3|1|1|0|2024-03-21 09:42:58.280|2024-07-12 10:14:59.297|8855|0
130|5ca4f9d0-34c8-40e6-9575-79a40b386d77|1|2|0|2024-03-27 11:12:15.030|2024-04-16 10:13:51.083|8591|0
131|6ae65b0c-0e2e-4f4e-a8ba-66673e99d81f|1|2|0|2024-04-10 10:22:54.973|2024-07-17 10:06:25.607|8750|0
132|b24c4892-2577-4c29-bbf4-8a10beadd6b5|1|2|0|2024-04-17 09:19:58.390|2025-02-21 10:06:58.863|9163|0
133|88d2c076-981a-47ff-ae0f-ef401d62285a|1|2|0|2024-04-17 09:26:01.527|2024-07-17 10:06:25.803|8592|0
134|3e28771f-1f68-40d5-807c-d12c7e384dea|1|2|0|2024-04-26 17:36:04.170|2024-07-18 10:07:08.117|8878|0
135|5fbb1f14-8688-466e-9192-6fbf468df6f7|1|2|0|2024-05-31 15:41:10.113|2025-01-21 10:10:31.203|8912|0
137|5fbb1f14-8688-466e-9192-6fbf468df6f7|1|2|0|2024-05-31 15:41:45.790|2025-01-21 10:10:27.430|8851|1
138|3e28771f-1f68-40d5-807c-d12c7e384dea|1|1|0|2024-05-31 15:45:46.947|2024-07-18 10:07:08.187|8878|0
139|2a8bc8df-d2ff-41a3-803d-a39bb02e07ee|1|1|0|2024-07-12 16:14:23.940|2025-02-21 10:04:24.847|8862|0
140|2a8bc8df-d2ff-41a3-803d-a39bb02e07ee|1|1|0|2024-07-12 16:15:15.360|2025-02-21 10:04:24.887|8862|1
141|2a8bc8df-d2ff-41a3-803d-a39bb02e07ee|1|2|0|2024-07-12 16:15:35.923|2025-02-21 10:04:19.443|8862|0
142|2a8bc8df-d2ff-41a3-803d-a39bb02e07ee|1|2|0|2024-07-12 16:15:52.210|2025-02-21 10:04:24.813|8862|1
143|24a9d010-35b7-4feb-8d80-82b43e1932d5|1|1|0|2024-08-13 10:12:59.040|2025-01-21 10:08:53.630|8826|0
144|24a9d010-35b7-4feb-8d80-82b43e1932d5|1|2|0|2024-08-13 10:13:11.083|2025-01-21 10:08:51.213|8826|0
145|24a9d010-35b7-4feb-8d80-82b43e1932d5|1|1|0|2024-08-13 10:13:24.937|2025-01-21 10:08:53.633|8826|1
146|24a9d010-35b7-4feb-8d80-82b43e1932d5|1|2|0|2024-08-13 10:13:36.730|2025-01-21 10:08:53.287|8826|1
147|4680babc-7223-4974-8315-01e6b461e6c2|1|1|0|2024-08-13 13:50:17.853||8855|0
148|4680babc-7223-4974-8315-01e6b461e6c2|1|2|0|2024-08-13 13:50:30.397||8855|0
149|4680babc-7223-4974-8315-01e6b461e6c2|1|1|0|2024-08-13 13:51:29.663||8855|1
150|4680babc-7223-4974-8315-01e6b461e6c2|1|2|0|2024-08-13 13:51:44.220||8855|1
151|824e2259-35de-422a-91c7-a00f60ad44c7|1|1|0|2024-08-13 14:55:32.863||9100|0
152|824e2259-35de-422a-91c7-a00f60ad44c7|1|2|0|2024-08-13 14:55:44.610||9100|0
153|824e2259-35de-422a-91c7-a00f60ad44c7|1|1|0|2024-08-13 14:55:58.027||9100|1
154|824e2259-35de-422a-91c7-a00f60ad44c7|1|2|0|2024-08-13 14:56:09.540||9100|1
155|4680babc-7223-4974-8315-01e6b461e6c2|1|1|0|2024-08-16 16:12:51.380|2025-01-21 10:10:02.270|8855|0
156|4680babc-7223-4974-8315-01e6b461e6c2|1|2|0|2024-08-16 16:13:02.597|2025-01-21 10:09:58.733|8855|0
157|4680babc-7223-4974-8315-01e6b461e6c2|1|1|0|2024-08-16 16:13:16.963|2025-01-21 10:10:06.623|8855|1
158|4680babc-7223-4974-8315-01e6b461e6c2|1|2|0|2024-08-16 16:13:29.053|2025-01-21 10:09:58.873|8855|1
159|824e2259-35de-422a-91c7-a00f60ad44c7|1|1|0|2024-08-16 16:14:30.100|2025-02-21 10:05:38.883|9100|0
160|824e2259-35de-422a-91c7-a00f60ad44c7|1|2|0|2024-08-16 16:14:43.453|2025-02-21 10:05:28.707|9100|0
161|824e2259-35de-422a-91c7-a00f60ad44c7|1|1|0|2024-08-16 16:14:57.620|2025-02-21 10:05:38.920|9100|1
162|824e2259-35de-422a-91c7-a00f60ad44c7|1|2|0|2024-08-16 16:15:09.210|2025-02-21 10:05:38.853|9100|1
163|2b4501ce-56f3-4fbd-9fc0-9b6396488338|1|2|0|2024-08-19 23:33:12.570|2025-02-27 10:07:47.897|8566|0
164|2b4501ce-56f3-4fbd-9fc0-9b6396488338|1|1|0|2024-08-19 23:37:35.237|2025-02-27 10:07:50.457|8566|0
165|23d254fe-792f-44b2-b40f-9b1d7a12189d|1|1|1|2024-08-23 09:22:19.507|2025-12-14 10:10:55.843|9609|0
166|5243e850-fc83-4d0a-b9ca-05dc0cb7e374|1|2|0|2024-08-25 07:44:07.503|2025-02-21 10:05:21.317|8707|0
167|5243e850-fc83-4d0a-b9ca-05dc0cb7e374|1|1|0|2024-08-25 07:44:47.660|2025-02-21 10:05:23.080|8707|0
168|5fbb1f14-8688-466e-9192-6fbf468df6f7|1|1|0|2024-08-25 16:18:15.557|2025-01-21 10:10:31.197|8874|0
169|5fbb1f14-8688-466e-9192-6fbf468df6f7|1|2|0|2024-08-25 16:18:37.803|2025-01-21 10:10:31.140|8874|0
170|5fbb1f14-8688-466e-9192-6fbf468df6f7|1|1|0|2024-08-25 16:18:53.887|2025-01-21 10:10:31.107|8851|0
171|5fbb1f14-8688-466e-9192-6fbf468df6f7|1|2|0|2024-08-25 16:19:10.767|2025-01-21 10:10:27.577|8851|0
172|37b2fa86-8ab3-41ce-a4f7-3a1e087182ab|1|2|0|2024-08-27 09:38:37.760|2025-01-21 10:09:52.690|8905|0
173|37b2fa86-8ab3-41ce-a4f7-3a1e087182ab|1|2|0|2024-08-27 09:39:00.567|2025-01-21 10:09:52.737|8905|1
174|37b2fa86-8ab3-41ce-a4f7-3a1e087182ab|1|2|0|2024-08-27 09:41:22.500|2025-01-21 10:09:58.650|8906|0
175|37b2fa86-8ab3-41ce-a4f7-3a1e087182ab|1|2|0|2024-08-27 09:41:46.543|2025-01-21 10:09:58.687|8906|1
176|37b2fa86-8ab3-41ce-a4f7-3a1e087182ab|1|1|0|2024-08-27 09:42:08.383|2025-01-21 10:09:52.767|8905|0
177|37b2fa86-8ab3-41ce-a4f7-3a1e087182ab|1|1|0|2024-08-27 09:42:21.410|2025-01-21 10:09:58.643|8905|1
178|37b2fa86-8ab3-41ce-a4f7-3a1e087182ab|1|1|0|2024-08-27 09:42:34.827|2025-01-21 10:09:58.723|8906|0
179|37b2fa86-8ab3-41ce-a4f7-3a1e087182ab|1|1|0|2024-08-27 09:43:01.050|2025-01-21 10:09:58.730|8906|1
180|7b8ab6a9-4e5b-41a1-aaf6-00a467c6f1b3|1|2|0|2024-08-31 01:53:03.527|2025-01-27 10:03:24.897|8850|1
181|7b8ab6a9-4e5b-41a1-aaf6-00a467c6f1b3|1|1|0|2024-08-31 01:53:18.740|2025-01-27 10:03:43.393|8850|0
182|7b8ab6a9-4e5b-41a1-aaf6-00a467c6f1b3|1|2|0|2024-08-31 01:53:37.910|2025-01-27 10:03:10.460|8848|0
183|7b8ab6a9-4e5b-41a1-aaf6-00a467c6f1b3|1|1|0|2024-08-31 01:53:59.270|2025-01-27 10:03:43.397|8850|1
184|7b8ab6a9-4e5b-41a1-aaf6-00a467c6f1b3|1|2|0|2024-08-31 01:54:56.430|2025-01-27 10:03:38.397|8850|0
185|7b8ab6a9-4e5b-41a1-aaf6-00a467c6f1b3|1|2|0|2024-08-31 01:58:06.007|2025-01-27 10:03:15.117|8848|1
186|7b8ab6a9-4e5b-41a1-aaf6-00a467c6f1b3|1|1|0|2024-08-31 01:58:26.647|2025-01-27 10:03:24.827|8848|0
187|7b8ab6a9-4e5b-41a1-aaf6-00a467c6f1b3|1|1|0|2024-08-31 01:58:44.167|2025-01-27 10:03:24.867|8848|1
188|7b8ab6a9-4e5b-41a1-aaf6-00a467c6f1b3|1|1|0|2024-08-31 02:01:16.943|2025-01-27 10:03:47.640|8864|1
189|7b8ab6a9-4e5b-41a1-aaf6-00a467c6f1b3|1|2|0|2024-08-31 02:01:30.373|2025-01-27 10:03:43.403|8864|1
190|7b8ab6a9-4e5b-41a1-aaf6-00a467c6f1b3|1|1|0|2024-08-31 02:01:42.700|2025-01-27 10:03:47.643|8864|0
191|7b8ab6a9-4e5b-41a1-aaf6-00a467c6f1b3|1|2|0|2024-08-31 02:01:54.213|2025-01-27 10:03:47.347|8864|0
192|5fbb1f14-8688-466e-9192-6fbf468df6f7|1|1|0|2024-08-31 07:45:49.273|2025-01-21 10:10:31.137|8851|1
193|5fbb1f14-8688-466e-9192-6fbf468df6f7|1|1|0|2024-08-31 07:46:46.497|2025-01-21 10:10:31.257|8912|0
194|5fbb1f14-8688-466e-9192-6fbf468df6f7|1|2|0|2024-08-31 07:47:10.787|2025-01-21 10:10:31.240|8912|1
195|5fbb1f14-8688-466e-9192-6fbf468df6f7|1|1|0|2024-08-31 07:47:24.047|2025-01-21 10:10:34.893|8912|1
196|69276bdc-4702-44ec-b60b-2719c4bd97d0|1|1|0|2024-08-31 07:55:09.523|2025-01-27 10:02:53.357|16898|1
197|69276bdc-4702-44ec-b60b-2719c4bd97d0|1|2|0|2024-08-31 07:55:22.503|2025-01-27 10:02:41.153|16898|1
198|69276bdc-4702-44ec-b60b-2719c4bd97d0|1|1|0|2024-08-31 07:55:47.137|2025-01-27 10:03:04.320|16901|1
199|69276bdc-4702-44ec-b60b-2719c4bd97d0|1|2|0|2024-08-31 07:56:01.113|2025-01-27 10:02:53.567|16901|1
200|69276bdc-4702-44ec-b60b-2719c4bd97d0|1|1|0|2024-08-31 07:56:31.957|2025-01-27 10:03:10.387|16901|0
201|69276bdc-4702-44ec-b60b-2719c4bd97d0|1|2|0|2024-08-31 07:56:47.010|2025-01-27 10:02:53.667|16901|0
202|09f54157-919b-47b3-b127-94e69a69c85a|1|1|0|2024-08-31 08:41:16.323|2024-10-11 10:08:08.553|16560|0
203|09f54157-919b-47b3-b127-94e69a69c85a|1|2|0|2024-08-31 08:41:34.887|2024-10-11 10:08:07.470|16560|0
204|09f54157-919b-47b3-b127-94e69a69c85a|1|1|0|2024-08-31 08:41:54.527|2024-10-11 10:08:23.783|16703|0
205|09f54157-919b-47b3-b127-94e69a69c85a|1|2|0|2024-08-31 08:42:05.743|2024-10-11 10:08:23.780|16703|0
206|09f54157-919b-47b3-b127-94e69a69c85a|1|2|0|2024-08-31 08:42:26.243|2024-10-11 10:08:28.517|16704|0
207|09f54157-919b-47b3-b127-94e69a69c85a|1|1|0|2024-08-31 08:42:55.073|2024-10-11 10:08:28.987|16704|0
208|09f54157-919b-47b3-b127-94e69a69c85a|1|1|0|2024-08-31 08:43:22.313|2024-10-11 10:08:11.467|16694|0
209|09f54157-919b-47b3-b127-94e69a69c85a|1|2|0|2024-08-31 08:43:37.100|2024-10-11 10:08:11.460|16694|0
210|09f54157-919b-47b3-b127-94e69a69c85a|1|1|0|2024-08-31 08:43:52.017|2024-10-11 10:08:11.883|16701|0
211|09f54157-919b-47b3-b127-94e69a69c85a|1|2|0|2024-08-31 08:44:24.120|2024-10-11 10:08:11.483|16701|0
212|4865455f-29a0-4c8f-9938-8c4bab261ef6|1|2|0|2024-08-31 13:04:47.487|2025-02-27 10:08:04.400|8589|1
213|4865455f-29a0-4c8f-9938-8c4bab261ef6|1|2|1|2024-08-31 13:05:02.760|2025-12-14 10:11:04.327|8589|0
214|4865455f-29a0-4c8f-9938-8c4bab261ef6|1|1|0|2024-08-31 13:05:17.347|2025-02-27 10:08:08.797|8589|1
215|4865455f-29a0-4c8f-9938-8c4bab261ef6|1|1|1|2024-08-31 13:05:28.640|2025-12-14 10:11:04.427|8589|0
216|4865455f-29a0-4c8f-9938-8c4bab261ef6|1|1|0|2024-08-31 13:07:07.473|2025-02-27 10:07:58.270|8582|0
217|4865455f-29a0-4c8f-9938-8c4bab261ef6|1|2|0|2024-08-31 13:07:24.837|2025-02-27 10:07:58.147|8582|0
218|4865455f-29a0-4c8f-9938-8c4bab261ef6|1|1|0|2024-08-31 13:07:57.987|2025-02-27 10:08:04.397|8582|1
219|4865455f-29a0-4c8f-9938-8c4bab261ef6|1|2|0|2024-08-31 13:08:09.500|2025-02-27 10:07:58.233|8582|1
220|4865455f-29a0-4c8f-9938-8c4bab261ef6|1|1|0|2024-08-31 13:12:23.230|2025-02-27 10:07:58.133|8577|0
221|4865455f-29a0-4c8f-9938-8c4bab261ef6|1|2|0|2024-08-31 13:12:36.147|2025-02-27 10:07:58.063|8577|0
222|4865455f-29a0-4c8f-9938-8c4bab261ef6|1|1|0|2024-08-31 13:12:49.597|2025-02-27 10:08:13.333|8598|0
223|4865455f-29a0-4c8f-9938-8c4bab261ef6|1|2|0|2024-08-31 13:13:06.757|2025-02-27 10:08:08.900|8598|0
224|4865455f-29a0-4c8f-9938-8c4bab261ef6|1|1|0|2024-08-31 13:13:38.923|2025-02-27 10:07:58.143|8577|1
225|4865455f-29a0-4c8f-9938-8c4bab261ef6|1|2|0|2024-08-31 13:13:51.170|2025-02-27 10:07:58.093|8577|1
226|2b4501ce-56f3-4fbd-9fc0-9b6396488338|1|1|0|2024-08-31 13:17:46.490|2025-02-27 10:07:33.193|8544|0
227|2b4501ce-56f3-4fbd-9fc0-9b6396488338|1|2|0|2024-08-31 13:18:01.250|2025-02-27 10:07:20.923|8544|0
228|2b4501ce-56f3-4fbd-9fc0-9b6396488338|1|1|0|2024-08-31 13:18:18.037|2025-02-27 10:07:47.890|8560|0
229|2b4501ce-56f3-4fbd-9fc0-9b6396488338|1|2|0|2024-08-31 13:18:32.827|2025-02-27 10:07:45.257|8560|0
230|2b4501ce-56f3-4fbd-9fc0-9b6396488338|1|1|0|2024-08-31 13:34:04.803|2025-02-27 10:07:45.150|8558|0
231|2b4501ce-56f3-4fbd-9fc0-9b6396488338|1|2|0|2024-08-31 13:34:20.903|2025-02-27 10:07:33.480|8558|0
232|2b4501ce-56f3-4fbd-9fc0-9b6396488338|1|1|0|2024-08-31 13:34:37.830|2025-02-27 10:07:45.190|8558|1
233|2b4501ce-56f3-4fbd-9fc0-9b6396488338|1|2|0|2024-08-31 13:34:49.187|2025-02-27 10:07:40.083|8558|1
234|dae6958a-8f73-4dbc-ad3a-79f6e51e7992|1|2|0|2024-09-05 11:16:01.693|2024-09-26 10:09:59.633|8948|0
235|dae6958a-8f73-4dbc-ad3a-79f6e51e7992|1|1|0|2024-09-05 11:16:28.497|2024-09-26 10:10:03.663|8948|0
236|dae6958a-8f73-4dbc-ad3a-79f6e51e7992|1|2|0|2024-09-05 11:17:16.520|2024-09-12 10:15:36.120|8948|1
237|dae6958a-8f73-4dbc-ad3a-79f6e51e7992|1|1|0|2024-09-05 11:17:38.707|2024-09-12 10:15:40.417|8948|1
238|b24c4892-2577-4c29-bbf4-8a10beadd6b5|1|1|0|2024-09-10 13:44:10.947|2025-02-21 10:07:08.357|9163|0
239|b24c4892-2577-4c29-bbf4-8a10beadd6b5|1|2|0|2024-09-11 07:21:42.193|2025-02-21 10:07:22.117|9167|0
240|b24c4892-2577-4c29-bbf4-8a10beadd6b5|1|1|0|2024-09-11 07:21:55.220|2025-02-21 10:07:25.237|9167|0
241|b24c4892-2577-4c29-bbf4-8a10beadd6b5|1|1|0|2024-09-11 07:22:09.683|2025-02-21 10:06:39.983|9139|0
242|b24c4892-2577-4c29-bbf4-8a10beadd6b5|1|2|0|2024-09-11 07:22:23.130|2025-02-21 10:06:34.930|9139|0
243|b24c4892-2577-4c29-bbf4-8a10beadd6b5|1|1|0|2024-09-11 07:22:39.120|2025-02-21 10:06:44.693|9140|0
244|b24c4892-2577-4c29-bbf4-8a10beadd6b5|1|2|0|2024-09-11 07:22:57.203|2025-02-21 10:06:40.020|9140|0
245|b24c4892-2577-4c29-bbf4-8a10beadd6b5|1|1|0|2024-09-11 07:23:26.483|2025-02-21 10:07:22.050|9165|0
246|b24c4892-2577-4c29-bbf4-8a10beadd6b5|1|2|0|2024-09-11 07:23:40.947|2025-02-21 10:07:18.603|9165|0
247|b24c4892-2577-4c29-bbf4-8a10beadd6b5|1|1|0|2024-09-11 07:24:00.243|2025-02-21 10:06:58.790|9162|0
248|b24c4892-2577-4c29-bbf4-8a10beadd6b5|1|2|0|2024-09-11 07:24:17.513|2025-02-21 10:06:44.707|9162|0
249|b24c4892-2577-4c29-bbf4-8a10beadd6b5|1|1|0|2024-09-11 07:24:37.857|2025-02-21 10:07:08.530|9164|0
250|b24c4892-2577-4c29-bbf4-8a10beadd6b5|1|2|0|2024-09-11 07:24:56.327|2025-02-21 10:07:08.407|9164|0
251|0e093004-5915-468e-aa85-0f6796eb3256|1|1|1|2024-09-12 13:55:04.150|2025-12-14 10:10:27.607|62658|0
252|0e093004-5915-468e-aa85-0f6796eb3256|1|2|1|2024-09-12 13:55:20.437|2025-12-14 10:10:27.373|62658|0
253|0e093004-5915-468e-aa85-0f6796eb3256|1|1|1|2024-09-12 13:55:35.383|2025-12-14 10:10:27.620|62658|1
254|0e093004-5915-468e-aa85-0f6796eb3256|1|2|1|2024-09-12 13:55:54.337|2025-12-14 10:10:27.583|62658|1
255|24a9d010-35b7-4feb-8d80-82b43e1932d5|1|1|0|2024-09-13 17:44:55.097|2025-01-21 10:09:01.937|8898|0
256|24a9d010-35b7-4feb-8d80-82b43e1932d5|1|2|0|2024-09-13 17:45:09.853|2025-01-21 10:09:01.900|8898|0
257|24a9d010-35b7-4feb-8d80-82b43e1932d5|1|1|0|2024-09-13 17:45:23.333|2025-01-21 10:09:16.143|8903|0
258|24a9d010-35b7-4feb-8d80-82b43e1932d5|1|2|0|2024-09-13 17:45:35.690|2025-01-21 10:09:01.977|8903|0
259|824e2259-35de-422a-91c7-a00f60ad44c7|1|1|0|2024-09-13 17:47:09.760|2025-02-21 10:05:47.940|9101|0
260|824e2259-35de-422a-91c7-a00f60ad44c7|1|2|0|2024-09-13 17:47:22.397|2025-02-21 10:05:39.020|9101|0
261|824e2259-35de-422a-91c7-a00f60ad44c7|1|1|0|2024-09-13 17:47:37.263|2025-02-21 10:05:47.973|9101|1
262|824e2259-35de-422a-91c7-a00f60ad44c7|1|2|0|2024-09-13 17:47:50.057|2025-02-21 10:05:47.897|9101|1
263|92395286-1c84-4025-80e2-2caa200c933f|1|1|0|2024-09-16 16:41:21.610|2025-03-20 10:05:12.973|9131|0
264|92395286-1c84-4025-80e2-2caa200c933f|1|2|0|2024-09-16 16:41:35.180|2025-03-20 10:05:00.143|9131|0
265|92395286-1c84-4025-80e2-2caa200c933f|1|1|0|2024-09-16 16:41:47.677|2025-03-20 10:05:13.070|9131|1
266|92395286-1c84-4025-80e2-2caa200c933f|1|2|0|2024-09-16 16:41:59.957|2025-03-20 10:05:12.193|9131|1
267|5f409ae6-b442-4308-b351-7923dae0f100|1|1|0|2024-09-18 12:39:02.983|2024-11-27 10:05:19.073|9190|0
268|5f409ae6-b442-4308-b351-7923dae0f100|1|2|0|2024-09-18 12:46:17.477|2024-11-27 10:05:13.977|9190|0
269|5f409ae6-b442-4308-b351-7923dae0f100|1|1|0|2024-09-18 12:46:44.650|2024-11-27 10:05:19.117|9190|1
270|5f409ae6-b442-4308-b351-7923dae0f100|1|2|0|2024-09-18 12:46:58.880|2024-11-27 10:05:19.043|9190|1
271|ed7d4d1f-74e8-467a-95a7-116fd1a4adb7|1|1|1|2024-09-18 14:09:54.353|2025-12-14 10:12:25.197|10347|0
272|ed7d4d1f-74e8-467a-95a7-116fd1a4adb7|1|2|1|2024-09-18 14:10:06.553|2025-12-14 10:12:12.880|10347|0
273|ed7d4d1f-74e8-467a-95a7-116fd1a4adb7|1|1|1|2024-09-18 14:10:21.780|2025-12-14 10:12:25.490|10347|1
274|ed7d4d1f-74e8-467a-95a7-116fd1a4adb7|1|2|0|2024-09-18 14:10:31.887|2025-11-20 10:15:05.917|10347|1
275|ed7d4d1f-74e8-467a-95a7-116fd1a4adb7|1|2|1|2024-09-18 14:10:45.880|2025-12-14 10:12:25.547|10357|0
276|ed7d4d1f-74e8-467a-95a7-116fd1a4adb7|1|1|1|2024-09-18 14:10:56.007|2025-12-14 10:12:49.400|10357|0
277|ed7d4d1f-74e8-467a-95a7-116fd1a4adb7|1|1|0|2024-09-18 14:21:15.193|2024-09-25 10:18:48.550|10357|1
278|ed7d4d1f-74e8-467a-95a7-116fd1a4adb7|1|2|0|2024-09-18 14:21:26.067|2024-09-25 10:18:44.110|10357|1
279|5f409ae6-b442-4308-b351-7923dae0f100|1|1|0|2024-09-19 07:33:47.407|2024-11-27 10:05:10.333|9188|0
280|5f409ae6-b442-4308-b351-7923dae0f100|1|2|0|2024-09-19 07:34:02.133|2024-11-27 10:05:10.123|9188|0
281|5f409ae6-b442-4308-b351-7923dae0f100|1|1|0|2024-09-19 07:34:17.627|2024-09-23 10:03:10.443|8735|0
282|5f409ae6-b442-4308-b351-7923dae0f100|1|2|0|2024-09-19 07:34:33.243|2024-09-23 10:03:10.233|8735|0
283|5f409ae6-b442-4308-b351-7923dae0f100|1|1|0|2024-09-19 07:34:47.190|2024-09-23 10:03:04.300|8733|0
284|5f409ae6-b442-4308-b351-7923dae0f100|1|2|0|2024-09-19 07:35:31.260|2024-09-23 10:03:04.143|8733|0
285|5f409ae6-b442-4308-b351-7923dae0f100|1|1|0|2024-09-19 07:36:14.537|2024-09-23 10:03:04.080|8706|0
286|5f409ae6-b442-4308-b351-7923dae0f100|1|2|0|2024-09-19 07:36:29.687|2024-09-23 10:03:03.920|8706|0
287|5f409ae6-b442-4308-b351-7923dae0f100|1|1|0|2024-09-19 07:36:50.107|2024-09-23 10:03:04.100|8706|1
288|5f409ae6-b442-4308-b351-7923dae0f100|1|2|0|2024-09-19 07:37:04.210|2024-09-23 10:03:04.063|8706|1
289|5f409ae6-b442-4308-b351-7923dae0f100|1|1|0|2024-09-19 07:37:36.033|2024-09-23 10:03:13.250|8735|1
290|5f409ae6-b442-4308-b351-7923dae0f100|1|2|0|2024-09-19 07:37:55.473|2024-09-23 10:03:10.340|8735|1
291|5f409ae6-b442-4308-b351-7923dae0f100|1|1|0|2024-09-19 07:38:29.047|2024-09-23 10:03:10.223|8733|1
292|5f409ae6-b442-4308-b351-7923dae0f100|1|2|0|2024-09-19 07:38:43.087|2024-09-23 10:03:04.260|8733|1
293|5f409ae6-b442-4308-b351-7923dae0f100|1|1|0|2024-09-19 07:39:19.043|2025-04-28 10:06:18.100|9190|1
294|5f409ae6-b442-4308-b351-7923dae0f100|1|2|0|2024-09-19 07:39:32.803|2025-04-28 10:06:17.567|9190|1
295|5f409ae6-b442-4308-b351-7923dae0f100|1|1|0|2024-09-25 12:47:35.613|2025-04-28 10:06:15.023|9188|1
296|5f409ae6-b442-4308-b351-7923dae0f100|1|2|0|2024-09-25 12:47:49.937|2025-04-28 10:06:14.793|9188|1
297|e85be9a6-7e82-47bf-9dc6-24802aa6b13f|1|1|0|2024-10-02 08:07:42.767|2025-12-12 10:07:44.337|8733|0
298|e85be9a6-7e82-47bf-9dc6-24802aa6b13f|1|2|0|2024-10-02 08:08:19.163|2025-12-12 10:07:44.297|8733|0
299|e85be9a6-7e82-47bf-9dc6-24802aa6b13f|1|1|0|2024-10-02 08:08:43.733|2025-07-09 10:05:51.827|8733|1
300|e85be9a6-7e82-47bf-9dc6-24802aa6b13f|1|2|0|2024-10-02 08:08:55.340|2025-07-09 10:05:49.900|8733|1
301|e85be9a6-7e82-47bf-9dc6-24802aa6b13f|1|1|0|2024-10-02 08:09:14.623|2025-07-08 10:03:46.637|9177|1
302|e85be9a6-7e82-47bf-9dc6-24802aa6b13f|1|2|0|2024-10-02 08:09:30.300|2025-07-08 10:03:42.480|9177|1
303|e85be9a6-7e82-47bf-9dc6-24802aa6b13f|1|1|1|2024-10-02 08:10:25.683|2025-12-14 10:11:41.233|9177|0
304|e85be9a6-7e82-47bf-9dc6-24802aa6b13f|1|2|1|2024-10-02 08:10:38.630|2025-12-14 10:11:40.693|9177|0
305|e85be9a6-7e82-47bf-9dc6-24802aa6b13f|1|1|0|2024-10-02 08:10:55.853|2025-07-08 10:03:41.570|8735|0
306|e85be9a6-7e82-47bf-9dc6-24802aa6b13f|1|2|0|2024-10-02 08:11:11.127|2025-07-08 10:02:57.137|8735|0
307|e85be9a6-7e82-47bf-9dc6-24802aa6b13f|1|1|0|2024-10-02 08:11:35.807|2025-07-08 10:03:42.130|8735|1
308|e85be9a6-7e82-47bf-9dc6-24802aa6b13f|1|2|0|2024-10-02 08:11:47.850|2025-07-08 10:03:19.350|8735|1
311|24a9d010-35b7-4feb-8d80-82b43e1932d5|1|1|0|2024-11-07 13:47:36.760|2025-01-21 10:09:01.760|8888|1
312|24a9d010-35b7-4feb-8d80-82b43e1932d5|1|2|0|2024-11-07 13:47:51.377|2025-01-21 10:08:53.640|8888|1
313|23d254fe-792f-44b2-b40f-9b1d7a12189d|1|1|1|2024-11-19 23:19:01.943|2025-12-14 10:10:41.370|9602|0
314|23d254fe-792f-44b2-b40f-9b1d7a12189d|1|2|1|2024-11-19 23:19:56.450|2025-12-14 10:10:41.357|9602|1
315|23d254fe-792f-44b2-b40f-9b1d7a12189d|1|1|1|2024-11-19 23:20:28.683|2025-12-14 10:10:55.753|9602|0
316|23d254fe-792f-44b2-b40f-9b1d7a12189d|1|2|1|2024-11-19 23:20:43.300|2025-12-14 10:10:41.363|9602|1
317|23d254fe-792f-44b2-b40f-9b1d7a12189d|1|1|1|2024-11-19 23:21:31.617|2025-12-14 10:10:55.887|9610|0
318|23d254fe-792f-44b2-b40f-9b1d7a12189d|1|2|1|2024-11-19 23:21:44.423|2025-12-14 10:10:55.850|9610|0
319|23d254fe-792f-44b2-b40f-9b1d7a12189d|1|1|1|2024-11-19 23:21:58.980|2025-12-14 10:11:04.297|9610|1
320|23d254fe-792f-44b2-b40f-9b1d7a12189d|1|2|1|2024-11-19 23:22:09.650|2025-12-14 10:10:55.883|9610|1
321|a2355873-7a23-4b62-b774-0acfbfd38677|1|2|0|2025-02-03 13:57:46.990|2025-04-18 10:15:44.367|8736|0
322|a2355873-7a23-4b62-b774-0acfbfd38677|1|1|0|2025-02-03 13:58:05.087|2025-04-18 10:15:52.807|8736|0
323|da5712ef-2c00-42f4-91f8-36fa7c699fce|1|1|0|2025-02-03 14:33:08.810|2025-04-28 10:06:59.157|9173|0
324|da5712ef-2c00-42f4-91f8-36fa7c699fce|1|2|0|2025-02-03 14:33:20.523|2025-02-18 10:09:08.880|9173|0
325|da5712ef-2c00-42f4-91f8-36fa7c699fce|1|1|0|2025-02-03 14:34:37.217|2025-04-28 10:06:59.253|9173|1
326|da5712ef-2c00-42f4-91f8-36fa7c699fce|1|2|0|2025-02-03 14:34:50.570|2025-04-28 10:06:50.043|9173|1
327|9e98457b-deb9-41c1-86fc-ffcdf56ecd41|1|1|0|2025-02-06 12:48:46.607|2025-10-30 10:06:45.517|8718|0
328|9e98457b-deb9-41c1-86fc-ffcdf56ecd41|1|2|0|2025-02-06 12:49:00.757|2025-10-30 10:06:24.033|8718|0
329|9e98457b-deb9-41c1-86fc-ffcdf56ecd41|1|1|0|2025-02-06 12:49:14.763|2025-07-15 10:06:36.850|8718|1
330|9e98457b-deb9-41c1-86fc-ffcdf56ecd41|1|2|0|2025-02-06 12:49:28.820|2025-10-30 10:06:34.220|8718|1
331|da5712ef-2c00-42f4-91f8-36fa7c699fce|1|1|0|2025-02-06 12:57:21.220|2025-02-18 10:09:15.650|9173|0
332|da5712ef-2c00-42f4-91f8-36fa7c699fce|1|2|0|2025-02-06 12:58:02.143|2025-04-28 10:06:50.180|9173|0
333|4711fffb-efaf-49e3-a1b6-7abc08ff9cd7|1|1|0|2025-02-07 08:47:47.030|2025-06-16 10:06:24.647|8711|0
334|4711fffb-efaf-49e3-a1b6-7abc08ff9cd7|1|2|0|2025-02-07 08:48:02.117|2025-06-16 10:06:24.573|8711|0
335|b0f595f8-3961-4f06-ab60-8b090a46894d|1|1|0|2025-02-07 12:34:46.360|2025-03-24 10:14:38.347|8737|0
336|b0f595f8-3961-4f06-ab60-8b090a46894d|1|2|0|2025-02-07 12:34:57.980|2025-03-24 10:14:32.907|8737|0
337|b0f595f8-3961-4f06-ab60-8b090a46894d|1|1|0|2025-02-07 12:35:09.323|2025-03-24 10:14:38.427|8737|1
338|b0f595f8-3961-4f06-ab60-8b090a46894d|1|2|0|2025-02-07 12:35:20.307|2025-03-24 10:14:38.233|8737|1
339|e48d2a8e-c991-44f4-b751-e170fc8df131|1|1|0|2025-02-14 10:56:26.407|2025-12-10 10:25:28.340|8717|0
340|e48d2a8e-c991-44f4-b751-e170fc8df131|1|2|0|2025-02-14 10:56:42.023|2025-12-10 10:25:22.477|8717|0
341|e48d2a8e-c991-44f4-b751-e170fc8df131|1|1|0|2025-02-14 10:57:05.237|2025-12-10 10:25:30.027|8717|1
342|e48d2a8e-c991-44f4-b751-e170fc8df131|1|2|0|2025-02-14 10:57:21.790|2025-12-10 10:25:27.963|8717|1
343|568d32a2-bb06-4d55-9774-787cdcb9d9c3|1|1|0|2025-04-03 12:10:44.827|2025-06-11 10:10:59.253|8714|0
344|568d32a2-bb06-4d55-9774-787cdcb9d9c3|1|2|0|2025-04-03 12:11:01.333|2025-06-11 10:10:59.060|8714|0
345|cafef15e-7ba0-423f-933a-b71f225e2f0c|1|2|0|2025-04-21 14:36:56.357|2025-07-16 10:08:21.023|8598|0
346|cafef15e-7ba0-423f-933a-b71f225e2f0c|1|1|0|2025-04-21 14:37:11.207|2025-07-16 10:08:21.060|8598|0
347|cafef15e-7ba0-423f-933a-b71f225e2f0c|1|1|0|2025-04-21 14:37:27.840|2025-07-16 10:08:25.253|8598|1
348|cafef15e-7ba0-423f-933a-b71f225e2f0c|1|2|0|2025-04-21 14:37:43.267|2025-07-16 10:08:21.053|8598|1
349|63951803-a6cc-4f78-84d2-64ac18572a0b|1|2|0|2025-04-28 15:27:31.387|2025-05-07 10:10:28.997|8763|0
350|63951803-a6cc-4f78-84d2-64ac18572a0b|1|1|0|2025-04-28 15:27:47.673|2025-05-07 10:10:29.057|8763|0
357|d3821dc0-6b67-48d0-9e64-6f0c40f19f68|1|1|0|2025-05-14 14:19:16.853|2025-09-09 10:12:56.000|8725|0
358|d3821dc0-6b67-48d0-9e64-6f0c40f19f68|1|2|0|2025-05-14 14:19:31.237|2025-09-09 10:12:55.950|8725|0
359|d786cd57-b62c-480c-9834-18db549754f2|1|1|1|2025-06-23 08:43:03.867|2025-12-14 10:11:40.203|8705|0
360|d786cd57-b62c-480c-9834-18db549754f2|1|2|1|2025-06-23 08:43:16.707|2025-12-14 10:11:30.573|8705|0
361|d786cd57-b62c-480c-9834-18db549754f2|1|1|0|2025-06-23 08:43:29.080|2025-09-10 10:13:53.137|8677|0
362|d786cd57-b62c-480c-9834-18db549754f2|1|2|0|2025-06-23 08:43:41.173|2025-09-10 10:13:53.010|8677|0
363|e85be9a6-7e82-47bf-9dc6-24802aa6b13f|1|1|1|2025-07-08 10:05:02.913|2025-12-14 10:12:12.817|9190|0
364|e85be9a6-7e82-47bf-9dc6-24802aa6b13f|1|2|1|2025-07-08 10:05:17.390|2025-12-14 10:11:52.433|9190|0
365|1cd9cd52-4a4b-4df7-ae9c-5a44803e855d|1|1|0|2025-07-16 11:44:04.557|2025-09-30 10:03:38.013|9170|0
366|1cd9cd52-4a4b-4df7-ae9c-5a44803e855d|1|2|0|2025-07-22 23:57:05.570|2025-09-30 10:03:37.360|9170|0
367|1cd9cd52-4a4b-4df7-ae9c-5a44803e855d|1|2|0|2025-08-11 15:23:20.047|2025-09-09 10:12:45.973|8913|0
368|1cd9cd52-4a4b-4df7-ae9c-5a44803e855d|1|1|0|2025-08-11 15:23:33.570|2025-09-09 10:12:46.143|8913|0
369|04f46ae2-bff8-4d4f-adc8-a1492f1930d2|1|2|1|2025-09-10 09:12:19.407|2025-12-14 10:10:09.423|8859|0
370|d786cd57-b62c-480c-9834-18db549754f2|1|1|1|2025-09-10 13:42:00.277|2025-12-14 10:11:19.787|8683|0
371|d786cd57-b62c-480c-9834-18db549754f2|1|2|1|2025-09-10 13:42:22.460|2025-12-14 10:11:19.620|8683|0
372|04f46ae2-bff8-4d4f-adc8-a1492f1930d2|1|1|1|2025-11-18 14:42:28.583|2025-12-14 10:10:25.907|8859|0
373|63e182a6-917a-41f0-a1ab-ff9719698920|1|2|1|2025-11-21 10:51:39.467|2025-12-14 10:11:19.417|9166|0
374|63e182a6-917a-41f0-a1ab-ff9719698920|1|1|0|2025-11-21 10:51:56.420||9166|0
375|04f46ae2-bff8-4d4f-adc8-a1492f1930d2|1|2|0|2025-11-21 13:20:45.203|2025-11-25 10:10:46.433|8844|0
376|22b312d2-8897-452f-b67c-1ed8a0def9a8|1|1|1|2025-12-12 10:51:48.827|2025-12-14 10:10:34.840|62649|0
377|22b312d2-8897-452f-b67c-1ed8a0def9a8|1|2|1|2025-12-12 10:52:14.020|2025-12-14 10:10:34.723|62649|0
378|22b312d2-8897-452f-b67c-1ed8a0def9a8|1|1|1|2025-12-12 10:52:31.217|2025-12-14 10:10:33.827|62028|0
379|22b312d2-8897-452f-b67c-1ed8a0def9a8|1|2|1|2025-12-12 10:52:47.893|2025-12-14 10:10:27.623|62028|0
