"COLUMN_NAME","DATA_TYPE","CHARACTER_MAXIMUM_LENGTH","IS_NULLABLE"
"AttomId","int","","NO"
"SitusStateCode","varchar","2","YES"
"SitusCounty","varchar","50","YES"
"PropertyJurisdictionName","varchar","50","YES"
"SitusStateCountyFIPS","char","5","YES"
"CombinedStatisticalArea","varchar","100","YES"
"CBSAName","varchar","100","YES"
"CBSACode","char","5","YES"
"MSAName","varchar","100","YES"
"MSACode","char","5","YES"
"MetropolitanDivision","varchar","100","YES"
"MinorCivilDivisionName","varchar","100","YES"
"MinorCivilDivisionCode","char","5","YES"
"NeighborhoodCode","varchar","10","YES"
"CensusFIPSPlaceCode","char","5","YES"
"CensusTract","int","","YES"
"CensusBlockGroup","int","","YES"
"CensusBlock","int","","YES"
"ParcelNumberRaw","varchar","60","YES"
"ParcelNumberFormatted","varchar","60","YES"
"ParcelNumberYearAdded","smallint","","YES"
"ParcelNumberAlternate","varchar","60","YES"
"ParcelMapBook","varchar","10","YES"
"ParcelMapPage","varchar","10","YES"
"ParcelNumberYearChange","smallint","","YES"
"ParcelNumberPrevious","varchar","60","YES"
"ParcelAccountNumber","varchar","35","YES"
"PropertyAddressFull","varchar","150","YES"
"PropertyAddressHouseNumber","varchar","25","YES"
"PropertyAddressStreetDirection","varchar","10","YES"
"PropertyAddressStreetName","varchar","100","YES"
"PropertyAddressStreetSuffix","varchar","25","YES"
"PropertyAddressStreetPostDirection","varchar","10","YES"
"PropertyAddressUnitPrefix","varchar","20","YES"
"PropertyAddressUnitValue","varchar","25","YES"
"PropertyAddressCity","varchar","50","YES"
"PropertyAddressState","varchar","2","YES"
"PropertyAddressZIP","varchar","5","YES"
"PropertyAddressZIP4","varchar","4","YES"
"PropertyAddressCRRT","varchar","4","YES"
"PropertyAddressInfoPrivacy","smallint","","YES"
"CongressionalDistrictHouse","smallint","","YES"
"PropertyLatitude","float","","YES"
"PropertyLongitude","float","","YES"
"GeoQuality","varchar","20","YES"
"LegalDescription","varchar","255","YES"
"LegalRange","varchar","35","YES"
"LegalTownship","varchar","35","YES"
"LegalSection","varchar","35","YES"
"LegalQuarter","varchar","4","YES"
"LegalQuarterQuarter","varchar","4","YES"
"LegalSubdivision","varchar","50","YES"
"LegalPhase","varchar","10","YES"
"LegalTractNumber","varchar","10","YES"
"LegalBlock1","varchar","10","YES"
"LegalBlock2","varchar","10","YES"
"LegalLotNumber1","varchar","10","YES"
"LegalLotNumber2","varchar","10","YES"
"LegalLotNumber3","varchar","10","YES"
"LegalUnit","varchar","10","YES"
"PartyOwner1NameFull","varchar","150","YES"
"PartyOwner1NameFirst","varchar","50","YES"
"PartyOwner1NameMiddle","varchar","20","YES"
"PartyOwner1NameLast","varchar","50","YES"
"PartyOwner1NameSuffix","varchar","20","YES"
"TrustDescription","varchar","50","YES"
"CompanyFlag","varchar","1","YES"
"PartyOwner2NameFull","varchar","150","YES"
"PartyOwner2NameFirst","varchar","50","YES"
"PartyOwner2NameMiddle","varchar","20","YES"
"PartyOwner2NameLast","varchar","50","YES"
"PartyOwner2NameSuffix","varchar","20","YES"
"OwnerTypeDescription1","varchar","50","YES"
"OwnershipVestingRelationCode","varchar","3","YES"
"PartyOwner3NameFull","varchar","150","YES"
"PartyOwner3NameFirst","varchar","50","YES"
"PartyOwner3NameMiddle","varchar","20","YES"
"PartyOwner3NameLast","varchar","50","YES"
"PartyOwner3NameSuffix","varchar","20","YES"
"PartyOwner4NameFull","varchar","150","YES"
"PartyOwner4NameFirst","varchar","50","YES"
"PartyOwner4NameMiddle","varchar","20","YES"
"PartyOwner4NameLast","varchar","50","YES"
"PartyOwner4NameSuffix","varchar","20","YES"
"OwnerTypeDescription2","varchar","50","YES"
"ContactOwnerMailingCounty","varchar","50","YES"
"ContactOwnerMailingFIPS","char","5","YES"
"ContactOwnerMailAddressFull","varchar","100","YES"
"ContactOwnerMailAddressHouseNumber","varchar","20","YES"
"ContactOwnerMailAddressStreetDirection","varchar","10","YES"
"ContactOwnerMailAddressStreetName","varchar","100","YES"
"ContactOwnerMailAddressStreetSuffix","varchar","25","YES"
"ContactOwnerMailAddressStreetPostDirection","varchar","10","YES"
"ContactOwnerMailAddressUnitPrefix","varchar","20","YES"
"ContactOwnerMailAddressUnit","varchar","20","YES"
"ContactOwnerMailAddressCity","varchar","50","YES"
"ContactOwnerMailAddressState","char","2","YES"
"ContactOwnerMailAddressZIP","char","5","YES"
"ContactOwnerMailAddressZIP4","char","4","YES"
"ContactOwnerMailAddressCRRT","varchar","4","YES"
"ContactOwnerMailAddressInfoFormat","varchar","50","YES"
"ContactOwnerMailInfoPrivacy","varchar","1","YES"
"StatusOwnerOccupiedFlag","varchar","1","YES"
"DeedOwner1NameFull","varchar","150","YES"
"DeedOwner1NameFirst","varchar","50","YES"
"DeedOwner1NameMiddle","varchar","20","YES"
"DeedOwner1NameLast","varchar","50","YES"
"DeedOwner1NameSuffix","varchar","20","YES"
"DeedOwner2NameFull","varchar","150","YES"
"DeedOwner2NameFirst","varchar","50","YES"
"DeedOwner2NameMiddle","varchar","20","YES"
"DeedOwner2NameLast","varchar","50","YES"
"DeedOwner2NameSuffix","varchar","20","YES"
"DeedOwner3NameFull","varchar","150","YES"
"DeedOwner3NameFirst","varchar","50","YES"
"DeedOwner3NameMiddle","varchar","20","YES"
"DeedOwner3NameLast","varchar","50","YES"
"DeedOwner3NameSuffix","varchar","20","YES"
"DeedOwner4NameFull","varchar","150","YES"
"DeedOwner4NameFirst","varchar","50","YES"
"DeedOwner4NameMiddle","varchar","20","YES"
"DeedOwner4NameLast","varchar","50","YES"
"DeedOwner4NameSuffix","varchar","20","YES"
"TaxYearAssessed","smallint","","YES"
"TaxAssessedValueTotal","int","","YES"
"TaxAssessedValueImprovements","int","","YES"
"TaxAssessedValueLand","int","","YES"
"TaxAssessedImprovementsPerc","numeric","","YES"
"PreviousAssessedValue","int","","YES"
"TaxMarketValueYear","smallint","","YES"
"TaxMarketValueTotal","int","","YES"
"TaxMarketValueImprovements","int","","YES"
"TaxMarketValueLand","int","","YES"
"TaxMarketImprovementsPerc","numeric","","YES"
"TaxFiscalYear","smallint","","YES"
"TaxRateArea","varchar","20","YES"
"TaxBilledAmount","numeric","","YES"
"TaxDelinquentYear","smallint","","YES"
"LastAssessorTaxRollUpdate","date","","YES"
"AssrLastUpdated","date","","YES"
"TaxExemptionHomeownerFlag","varchar","1","YES"
"TaxExemptionDisabledFlag","varchar","1","YES"
"TaxExemptionSeniorFlag","varchar","1","YES"
"TaxExemptionVeteranFlag","varchar","1","YES"
"TaxExemptionWidowFlag","varchar","1","YES"
"TaxExemptionAdditional","varchar","10","YES"
"YearBuilt","smallint","","YES"
"YearBuiltEffective","smallint","","YES"
"ZonedCodeLocal","varchar","50","YES"
"PropertyUseMuni","varchar","10","YES"
"PropertyUseGroup","varchar","50","YES"
"PropertyUseStandardized","varchar","4","YES"
"AssessorLastSaleDate","date","","YES"
"AssessorLastSaleAmount","int","","YES"
"AssessorPriorSaleDate","date","","YES"
"AssessorPriorSaleAmount","int","","YES"
"LastOwnershipTransferDate","date","","YES"
"LastOwnershipTransferDocumentNumber","varchar","20","YES"
"LastOwnershipTransferTransactionID","int","","YES"
"DeedLastSaleDocumentBook","varchar","15","YES"
"DeedLastSaleDocumentPage","varchar","15","YES"
"DeedLastDocumentNumber","varchar","25","YES"
"DeedLastSaleDate","date","","YES"
"DeedLastSalePrice","int","","YES"
"DeedLastSaleTransactionID","int","","YES"
"AreaBuilding","int","","YES"
"AreaBuildingDefinitionCode","varchar","2","YES"
"AreaGross","int","","YES"
"Area1stFloor","int","","YES"
"Area2ndFloor","int","","YES"
"AreaUpperFloors","int","","YES"
"AreaLotAcres","decimal","","YES"
"AreaLotSF","decimal","","YES"
"AreaLotDepth","decimal","","YES"
"AreaLotWidth","decimal","","YES"
"RoomsAtticArea","int","","YES"
"RoomsAtticFlag","smallint","","YES"
"RoomsBasementArea","int","","YES"
"RoomsBasementAreaFinished","int","","YES"
"RoomsBasementAreaUnfinished","int","","YES"
"ParkingGarage","varchar","3","YES"
"ParkingGarageArea","int","","YES"
"ParkingCarport","varchar","3","YES"
"ParkingCarportArea","int","","YES"
"HVACCoolingDetail","varchar","3","YES"
"HVACHeatingDetail","varchar","3","YES"
"HVACHeatingFuel","varchar","3","YES"
"UtilitiesSewageUsage","varchar","3","YES"
"UtilitiesWaterSource","varchar","3","YES"
"UtilitiesMobileHomeHookupFlag","smallint","","YES"
"Foundation","varchar","3","YES"
"Construction","varchar","3","YES"
"InteriorStructure","varchar","3","YES"
"PlumbingFixturesCount","smallint","","YES"
"ConstructionFireResistanceClass","varchar","3","YES"
"SafetyFireSprinklersFlag","smallint","","YES"
"FlooringMaterialPrimary","smallint","","YES"
"BathCount","decimal","","YES"
"BathPartialCount","int","","YES"
"BedroomsCount","int","","YES"
"RoomsCount","int","","YES"
"StoriesCount","smallint","","YES"
"UnitsCount","int","","YES"
"RoomsBonusRoomFlag","smallint","","YES"
"RoomsBreakfastNookFlag","smallint","","YES"
"RoomsCellarFlag","smallint","","YES"
"RoomsCellarWineFlag","smallint","","YES"
"RoomsExerciseFlag","smallint","","YES"
"RoomsFamilyCode","varchar","4","YES"
"RoomsGameFlag","smallint","","YES"
"RoomsGreatFlag","smallint","","YES"
"RoomsHobbyFlag","smallint","","YES"
"RoomsLaundryFlag","smallint","","YES"
"RoomsMediaFlag","smallint","","YES"
"RoomsMudFlag","smallint","","YES"
"RoomsOfficeArea","int","","YES"
"RoomsOfficeFlag","smallint","","YES"
"RoomsSafeRoomFlag","smallint","","YES"
"RoomsSittingFlag","smallint","","YES"
"RoomsStormShelter","smallint","","YES"
"RoomsStudyFlag","smallint","","YES"
"RoomsSunroomFlag","smallint","","YES"
"RoomsUtilityArea","int","","YES"
"RoomsUtilityCode","varchar","4","YES"
"Fireplace","varchar","2","YES"
"FireplaceCount","smallint","","YES"
"AccessabilityElevatorFlag","smallint","","YES"
"AccessabilityHandicapFlag","smallint","","YES"
"EscalatorFlag","smallint","","YES"
"CentralVacuumFlag","smallint","","YES"
"ContentIntercomFlag","smallint","","YES"
"ContentSoundSystemFlag","smallint","","YES"
"WetBarFlag","smallint","","YES"
"SecurityAlarmFlag","smallint","","YES"
"StructureStyle","smallint","","YES"
"Exterior1Code","varchar","3","YES"
"RoofMaterial","varchar","3","YES"
"RoofConstruction","varchar","3","YES"
"ContentStormShutterFlag","smallint","","YES"
"ContentOverheadDoorFlag","smallint","","YES"
"ViewDescription","varchar","3","YES"
"PorchCode","varchar","3","YES"
"PorchArea","int","","YES"
"PatioArea","int","","YES"
"DeckFlag","smallint","","YES"
"DeckArea","int","","YES"
"FeatureBalconyFlag","smallint","","YES"
"BalconyArea","int","","YES"
"BreezewayFlag","smallint","","YES"
"ParkingRVParkingFlag","smallint","","YES"
"ParkingSpaceCount","smallint","","YES"
"DrivewayArea","int","","YES"
"DrivewayMaterial","varchar","2","YES"
"Pool","smallint","","YES"
"PoolArea","int","","YES"
"ContentSaunaFlag","smallint","","YES"
"TopographyCode","smallint","","YES"
"FenceCode","varchar","2","YES"
"FenceArea","int","","YES"
"CourtyardFlag","smallint","","YES"
"CourtyardArea","int","","YES"
"ArborPergolaFlag","smallint","","YES"
"SprinklersFlag","smallint","","YES"
"GolfCourseGreenFlag","smallint","","YES"
"TennisCourtFlag","smallint","","YES"
"SportsCourtFlag","smallint","","YES"
"ArenaFlag","varchar","1","YES"
"WaterFeatureFlag","smallint","","YES"
"PondFlag","smallint","","YES"
"BoatLiftFlag","smallint","","YES"
"BuildingsCount","int","","YES"
"BathHouseArea","int","","YES"
"BathHouseFlag","smallint","","YES"
"BoatAccessFlag","smallint","","YES"
"BoatHouseArea","int","","YES"
"BoatHouseFlag","smallint","","YES"
"CabinArea","int","","YES"
"CabinFlag","smallint","","YES"
"CanopyArea","int","","YES"
"CanopyFlag","smallint","","YES"
"GazeboArea","int","","YES"
"GazeboFlag","smallint","","YES"
"GraineryArea","int","","YES"
"GraineryFlag","smallint","","YES"
"GreenHouseArea","int","","YES"
"GreenHouseFlag","smallint","","YES"
"GuestHouseArea","int","","YES"
"GuestHouseFlag","smallint","","YES"
"KennelArea","int","","YES"
"KennelFlag","smallint","","YES"
"LeanToArea","int","","YES"
"LeanToFlag","smallint","","YES"
"LoadingPlatformArea","int","","YES"
"LoadingPlatformFlag","smallint","","YES"
"MilkHouseArea","int","","YES"
"MilkHouseFlag","smallint","","YES"
"OutdoorKitchenFireplaceFlag","smallint","","YES"
"PoolHouseArea","int","","YES"
"PoolHouseFlag","smallint","","YES"
"PoultryHouseArea","int","","YES"
"PoultryHouseFlag","smallint","","YES"
"QuonsetArea","int","","YES"
"QuonsetFlag","smallint","","YES"
"ShedArea","int","","YES"
"ShedCode","varchar","4","YES"
"SiloArea","int","","YES"
"SiloFlag","smallint","","YES"
"StableArea","int","","YES"
"StableFlag","smallint","","YES"
"StorageBuildingArea","int","","YES"
"StorageBuildingFlag","smallint","","YES"
"UtilityBuildingArea","int","","YES"
"UtilityBuildingFlag","smallint","","YES"
"PoleStructureArea","int","","YES"
"PoleStructureFlag","smallint","","YES"
"CommunityRecRoomFlag","smallint","","YES"
"PublicationDate","date","","YES"
"ParcelShellRecord","smallint","","YES"
